title,subreddit,score,id,url,comms_num,created
23andme?,dubai,1,f3gqr7,https://www.reddit.com/r/dubai/comments/f3gqr7/23andme/,0,2020-02-14
"Now, free visa application for UAE residents to Japan",dubai,2,f3gbg1,https://m.khaleejtimes.com/photos/nation/now-free-visa-for-uae-residents-to-leading-tourist-destination,1,2020-02-14
UAE awards 10 years visa to C.Ronaldo,dubai,0,f3g85o,https://i.redd.it/gij91j5t2rg41.jpg,2,2020-02-14
Noon order cancellation / return policy,dubai,0,f3foqm,https://www.reddit.com/r/dubai/comments/f3foqm/noon_order_cancellation_return_policy/,5,2020-02-14
Great way to end the week #mydubai,dubai,3,f3drz8,https://i.redd.it/0an9anrzbqg41.jpg,1,2020-02-14
That’ll be AED 500 monsieur,dubai,10,f3dki2,https://i.redd.it/mw54ghnl9qg41.jpg,0,2020-02-14
Plug-ins stores closed?,dubai,1,f3cr7m,https://www.reddit.com/r/dubai/comments/f3cr7m/plugins_stores_closed/,3,2020-02-14
job market here is wack,dubai,15,f3cp9i,https://i.imgur.com/hWEODW1.jpg,14,2020-02-14
Owned by a Crazy British drug addled woman with plastic surgery doesn't have the same allure,dubai,1,f3c82m,https://www.reddit.com/r/dubai/comments/f3c82m/owned_by_a_crazy_british_drug_addled_woman_with/,0,2020-02-14
DRIVING EXPERIENCE QUESTIONNAIRE,dubai,1,f3bux7,https://www.reddit.com/r/dubai/comments/f3bux7/driving_experience_questionnaire/,0,2020-02-13
tattoo artists in dubai??,dubai,0,f3bhoa,https://www.reddit.com/r/dubai/comments/f3bhoa/tattoo_artists_in_dubai/,6,2020-02-13
Incense - any recourse?,dubai,2,f3b8h8,https://www.reddit.com/r/dubai/comments/f3b8h8/incense_any_recourse/,9,2020-02-13
Hope it doesn't drag till October,dubai,1,f3b17k,https://9to5google.com/2020/02/12/mobile-world-congress-2020-has-been-cancelled-over-coronavirus-concerns/,0,2020-02-13
DRIVING EXPERIENCE QUESTIONNAIRE,dubai,1,f3a2yj,https://www.reddit.com/r/dubai/comments/f3a2yj/driving_experience_questionnaire/,0,2020-02-13
"SILENCE, BRAND",dubai,0,f3a2ax,https://i.redd.it/dqlv13p52pg41.jpg,0,2020-02-13
Gratuity Eligibility,dubai,0,f39pre,https://www.reddit.com/r/dubai/comments/f39pre/gratuity_eligibility/,4,2020-02-13
Insane . omg,dubai,0,f39mug,https://youtu.be/WsBTL7pnth8,0,2020-02-13
"O FOUR (Sneaker, Watches, etc. Online Store)",dubai,0,f39lb1,https://www.reddit.com/r/dubai/comments/f39lb1/o_four_sneaker_watches_etc_online_store/,0,2020-02-13
Nissan Maxima head unit replacement,dubai,0,f395cp,https://www.reddit.com/r/dubai/comments/f395cp/nissan_maxima_head_unit_replacement/,4,2020-02-13
Your Top 6 Things to do in Dubai,dubai,0,f38odf,https://www.reddit.com/r/dubai/comments/f38odf/your_top_6_things_to_do_in_dubai/,4,2020-02-13
thanks carrefour. great deal!,dubai,208,f38mwk,https://i.redd.it/ivuokhlwfog41.jpg,20,2020-02-13
"I am from Australia and have a very high end Khabib Nurmagomedov memorabilia, a friend suggested If I sell it to look to sell it in Abu Dhabi / Dubai since he is very popular there. Is there a suggested marketplace for sporting goods?",dubai,1,f38lfx,https://www.reddit.com/r/dubai/comments/f38lfx/i_am_from_australia_and_have_a_very_high_end/,2,2020-02-13
Deciding Which University to Attend,dubai,2,f38gnt,https://www.reddit.com/r/dubai/comments/f38gnt/deciding_which_university_to_attend/,27,2020-02-13
Dubai job market going down :(,dubai,0,f38d36,https://theprint.in/economy/dubais-jobs-are-vanishing-at-the-fastest-pace-in-a-decade/362929/,18,2020-02-13
Pre-order deal for S20+/ Ultra,dubai,2,f384hi,https://www.reddit.com/r/dubai/comments/f384hi/preorder_deal_for_s20_ultra/,4,2020-02-13
"Visiting Dubai for a weekend, interested in exploring what it would be like to live here",dubai,0,f37t2p,https://www.reddit.com/r/dubai/comments/f37t2p/visiting_dubai_for_a_weekend_interested_in/,4,2020-02-13
Where do you think this happened?,dubai,2,f37nxl,https://i.imgur.com/DPwwfRx.gifv,3,2020-02-13
Best credit card for Etisalat cashback?,dubai,0,f37ma8,https://www.reddit.com/r/dubai/comments/f37ma8/best_credit_card_for_etisalat_cashback/,4,2020-02-13
Etisalat call centre people.,dubai,10,f37j83,https://www.reddit.com/r/dubai/comments/f37j83/etisalat_call_centre_people/,10,2020-02-13
Landlord not handing over keys for parking,dubai,6,f37isr,https://www.reddit.com/r/dubai/comments/f37isr/landlord_not_handing_over_keys_for_parking/,10,2020-02-13
Private schools in Dubai cannot hike fees from new academic year beginning September 2020,dubai,18,f37c2k,https://gulfnews.com/uae/private-schools-in-dubai-cannot-hike-fees-from-new-academic-year-beginning-september-2020-1.1581582660863,18,2020-02-13
Anyone here from Brisbane?,dubai,3,f379gx,https://www.reddit.com/r/dubai/comments/f379gx/anyone_here_from_brisbane/,10,2020-02-13
Where to buy BB guns in Dubai or Abu Dhabi?,dubai,0,f377jb,https://www.reddit.com/r/dubai/comments/f377jb/where_to_buy_bb_guns_in_dubai_or_abu_dhabi/,1,2020-02-13
Can you tell if there’s a police case against you?,dubai,5,f3703a,https://www.reddit.com/r/dubai/comments/f3703a/can_you_tell_if_theres_a_police_case_against_you/,7,2020-02-13
Are BB guns allowed in the uae and or Dubai or Abu Dhabi?,dubai,0,f36zpg,https://www.reddit.com/r/dubai/comments/f36zpg/are_bb_guns_allowed_in_the_uae_and_or_dubai_or/,0,2020-02-13
Cement trucks honking their horns on construction sites,dubai,3,f36x2g,https://www.reddit.com/r/dubai/comments/f36x2g/cement_trucks_honking_their_horns_on_construction/,8,2020-02-13
Expo 2020 and the Coronavirus,dubai,0,f36sru,https://www.reddit.com/r/dubai/comments/f36sru/expo_2020_and_the_coronavirus/,2,2020-02-13
Best credit card for benefits to use on ADNOC fuel?,dubai,0,f36g8h,https://www.reddit.com/r/dubai/comments/f36g8h/best_credit_card_for_benefits_to_use_on_adnoc_fuel/,11,2020-02-13
RTA bus dedicated wireless charging lane in DSO!,dubai,121,f3685g,https://i.redd.it/q8b5mpib5ng41.jpg,22,2020-02-13
Harbour Views - Dubai Creek Harbour,dubai,0,f367cf,https://www.reddit.com/r/dubai/comments/f367cf/harbour_views_dubai_creek_harbour/,2,2020-02-13
Friend left Dubai - left car behind,dubai,4,f35rq7,https://www.reddit.com/r/dubai/comments/f35rq7/friend_left_dubai_left_car_behind/,19,2020-02-13
Things to do in Dubai for singles on valentine's day,dubai,0,f35qcl,https://www.reddit.com/r/dubai/comments/f35qcl/things_to_do_in_dubai_for_singles_on_valentines/,21,2020-02-13
Haldiram Orange Burfee,dubai,0,f35nt7,https://www.reddit.com/r/dubai/comments/f35nt7/haldiram_orange_burfee/,4,2020-02-13
Sponsoring parents,dubai,2,f35hos,https://www.reddit.com/r/dubai/comments/f35hos/sponsoring_parents/,6,2020-02-13
As much as this belongs in r/TopTalent this belongs here more... because in this city we love football!,dubai,0,f35eym,https://v.redd.it/g9kkj6jdwkg41,13,2020-02-13
Anyone ever rent an apartment from the bank?,dubai,0,f35c5h,https://www.reddit.com/r/dubai/comments/f35c5h/anyone_ever_rent_an_apartment_from_the_bank/,4,2020-02-13
Is it possible to transfer ownership of vehicle with its existing insurance to the new buyer?,dubai,1,f354ci,https://www.reddit.com/r/dubai/comments/f354ci/is_it_possible_to_transfer_ownership_of_vehicle/,3,2020-02-13
ADIB Smart Banking account,dubai,2,f34wsf,https://www.reddit.com/r/dubai/comments/f34wsf/adib_smart_banking_account/,1,2020-02-13
Sheikhs of dubai have such hobbies knowing about which you will be shocked,dubai,1,f34ru3,https://www.reddit.com/r/dubai/comments/f34ru3/sheikhs_of_dubai_have_such_hobbies_knowing_about/,0,2020-02-13
To all the hardworking men who park our cars on February 14th instead of being with their girlfriends...,dubai,1,f34dxl,https://www.reddit.com/r/dubai/comments/f34dxl/to_all_the_hardworking_men_who_park_our_cars_on/,0,2020-02-13
Now you can get Dubai Entertainer for 105 Dhs only,dubai,3,f34ccx,https://www.reddit.com/r/dubai/comments/f34ccx/now_you_can_get_dubai_entertainer_for_105_dhs_only/,24,2020-02-13
Soccer skills,dubai,6,f33r10,https://v.redd.it/g9kkj6jdwkg41,4,2020-02-13
Dubai in Westworld Season 3 Official poster??,dubai,77,f33np2,https://i.redd.it/g4p7j10n2mg41.jpg,21,2020-02-13
hand sanitizer with alcohol in dubai,dubai,0,f33isx,https://www.reddit.com/r/dubai/comments/f33isx/hand_sanitizer_with_alcohol_in_dubai/,13,2020-02-13
"Daily Random Discussion Thread - February 13, 2020",dubai,2,f31ohe,https://www.reddit.com/r/dubai/comments/f31ohe/daily_random_discussion_thread_february_13_2020/,78,2020-02-13
"Dubai school ""did not detain kids"" over fees",dubai,4,f31ccy,https://www.reddit.com/r/dubai/comments/f31ccy/dubai_school_did_not_detain_kids_over_fees/,27,2020-02-13
Does anyone know a place where I can get my number plate printed as a metallic keychain in dubai or shj?,dubai,2,f2zxf3,https://www.reddit.com/r/dubai/comments/f2zxf3/does_anyone_know_a_place_where_i_can_get_my/,7,2020-02-13
"student project,whos in?",dubai,0,f2z04d,https://www.reddit.com/r/dubai/comments/f2z04d/student_projectwhos_in/,0,2020-02-13
Roadtrip Destinations anyone?,dubai,1,f2yxr3,https://www.reddit.com/r/dubai/comments/f2yxr3/roadtrip_destinations_anyone/,9,2020-02-13
#الجزء الأول: #العمل_في#سويسرا:Switzerland:/#شركات كبرى تحتاج #لليد_العاملة/#عقد_عم...,dubai,1,f2xkff,https://www.youtube.com/watch?v=BQRBFbHRRVE&feature=share,0,2020-02-13
Manual Car Wash,dubai,1,f2xeic,https://www.reddit.com/r/dubai/comments/f2xeic/manual_car_wash/,4,2020-02-13
Dubaiproblems repost. Comment if this is true.,dubai,256,f2xbk0,https://i.redd.it/e3tc9c1rwjg41.jpg,23,2020-02-13
Things for an 18 year old to do for cheap?,dubai,1,f2wy4l,https://www.reddit.com/r/dubai/comments/f2wy4l/things_for_an_18_year_old_to_do_for_cheap/,0,2020-02-13
Would be possible for someone to send me pictures of the inside of Dubai Mall including photos of the Louis Vuitton store façade?,dubai,0,f2wxj9,https://www.reddit.com/r/dubai/comments/f2wxj9/would_be_possible_for_someone_to_send_me_pictures/,12,2020-02-13
Special Guide for Indian Expats - Book Indane Cylinder From UAE [2020] [In 3 mins],dubai,1,f2wnw9,https://www.youtube.com/watch?v=TKkJFf4nrPw&feature=share,2,2020-02-13
I think I'm seeing a pattern here boys.,dubai,1,f2wnh3,https://i.redd.it/7ro6f0xawye41.jpg,0,2020-02-13
"Can I be noticed, please?",dubai,1,f2wm11,https://www.reddit.com/r/dubai/comments/f2g7w5/event_organizer_on_a_rant_about_the_expo_2020/?utm_medium=android_app&utm_source=share,0,2020-02-13
Du or Etisalat for new 5G Samsung?,dubai,4,f2w4gs,https://www.reddit.com/r/dubai/comments/f2w4gs/du_or_etisalat_for_new_5g_samsung/,3,2020-02-13
"SILENCE, BRAND",dubai,1,f2vkve,https://i.redd.it/ee7egbzqcjg41.jpg,0,2020-02-13
Emirates NBD 'Urgent ! contact your bank' email,dubai,0,f2vbu7,https://www.reddit.com/r/dubai/comments/f2vbu7/emirates_nbd_urgent_contact_your_bank_email/,6,2020-02-13
Anime merch in Dubai?,dubai,1,f2v8rs,https://www.reddit.com/r/dubai/comments/f2v8rs/anime_merch_in_dubai/,5,2020-02-13
Anime merch in Dubai?,dubai,1,f2v0a4,https://www.reddit.com/r/dubai/comments/f2v0a4/anime_merch_in_dubai/,0,2020-02-13
تسوق اونلاين شاي الماتشا الشاي الاخضر بالامارات | matcha green tea in UAE,dubai,1,f2umi3,https://www.youtube.com/watch?v=UZNHJ75K-Uc&feature=share,0,2020-02-13
"I'm in Cairo right now, and this happened this morning... it's a wild place!",dubai,8,f2ue5p,https://v.redd.it/8wz64he4zig41,5,2020-02-13
Anyone wanna join up with me in Dubai Police CTF Event in Dubai by 28 of Feb ?,dubai,8,f2u6nd,https://www.reddit.com/r/dubai/comments/f2u6nd/anyone_wanna_join_up_with_me_in_dubai_police_ctf/,12,2020-02-13
DXB connecting flight question,dubai,1,f2tqzc,https://www.reddit.com/r/dubai/comments/f2tqzc/dxb_connecting_flight_question/,3,2020-02-13
"Is it me or is it getting ""harder"" to get to Palm Jumeirah",dubai,25,f2tqi1,https://i.redd.it/d0uqm39trig41.jpg,9,2020-02-13
I have achieved UAE comedy ツ,dubai,0,f2taep,https://i.redd.it/8pntjkulmig41.png,1,2020-02-12
Go learn to drive,dubai,0,f2t7gt,https://www.reddit.com/r/dubai/comments/f2t7gt/go_learn_to_drive/,10,2020-02-12
Karaoke Spots with Malayalam Songs?,dubai,2,f2t3jl,https://www.reddit.com/r/dubai/comments/f2t3jl/karaoke_spots_with_malayalam_songs/,4,2020-02-12
Working as an Architect in Dubai?,dubai,0,f2sy7i,https://www.reddit.com/r/dubai/comments/f2sy7i/working_as_an_architect_in_dubai/,1,2020-02-12
Why are the curbs/kerbs along the sidewalk/footpath painted (white or yellow alternating with black) in the ME but it's usually gray and colorless abroad?,dubai,0,f2ssc6,https://www.reddit.com/r/dubai/comments/f2ssc6/why_are_the_curbskerbs_along_the_sidewalkfootpath/,3,2020-02-12
Any good photographers ? Serious.,dubai,3,f2sozk,https://www.reddit.com/r/dubai/comments/f2sozk/any_good_photographers_serious/,6,2020-02-12
Lawyer Job in Dubai/UAE,dubai,2,f2sjwr,https://www.reddit.com/r/dubai/comments/f2sjwr/lawyer_job_in_dubaiuae/,10,2020-02-12
Not all heroes wear capes - Xbox One Jedi knowledge needed,dubai,1,f2rwza,https://www.reddit.com/r/dubai/comments/f2rwza/not_all_heroes_wear_capes_xbox_one_jedi_knowledge/,9,2020-02-12
Recommendation on Plant Growing Lights,dubai,1,f2rla1,https://www.reddit.com/r/dubai/comments/f2rla1/recommendation_on_plant_growing_lights/,2,2020-02-12
7 Things To Do in Dubai Shopping Festival 2020 | viviholidays,dubai,1,f2rkqd,https://viviholidays.co.in/Blog/7-things-dubai-shopping-festival-2020/,0,2020-02-12
I had to block Etisalat from my messages just because of this.,dubai,155,f2rjx3,https://i.redd.it/t14ebiso0ig41.jpg,14,2020-02-12
Insurance recommendations,dubai,3,f2rf79,https://www.reddit.com/r/dubai/comments/f2rf79/insurance_recommendations/,0,2020-02-12
"""UAE is prepared with supplies for coronavirus"" - Health Minister",dubai,0,f2rc8o,https://english.alarabiya.net/en/News/gulf/2020/02/12/UAE-is-prepared-with-supplies-for-coronavirus-Minister.html,2,2020-02-12
WhatsApp calling in UAE? Telecom authority issues statement,dubai,7,f2r51c,https://m.khaleejtimes.com/business/telecom/whatsapp-calling-in-uae-telecom-authority-issues-statement,5,2020-02-12
Plastic surgery in UAE,dubai,0,f2r40c,https://www.reddit.com/r/dubai/comments/f2r40c/plastic_surgery_in_uae/,1,2020-02-12
Joke Time - ADCB is giving mixed signals to me,dubai,1,f2r0gh,https://www.reddit.com/r/dubai/comments/f2r0gh/joke_time_adcb_is_giving_mixed_signals_to_me/,10,2020-02-12
Car insurance under 25,dubai,6,f2qoqi,https://www.reddit.com/r/dubai/comments/f2qoqi/car_insurance_under_25/,10,2020-02-12
Best savings account in UAE,dubai,6,f2q2vo,https://www.reddit.com/r/dubai/comments/f2q2vo/best_savings_account_in_uae/,17,2020-02-12
just wanted to ask about something..,dubai,0,f2q21m,https://www.reddit.com/r/dubai/comments/f2q21m/just_wanted_to_ask_about_something/,10,2020-02-12
Growing beard for the first time tips.,dubai,1,f2pny3,https://www.reddit.com/r/dubai/comments/f2pny3/growing_beard_for_the_first_time_tips/,16,2020-02-12
Any way to waive signup fees for a premium credit card (Specifically ADIB Etihad or Emirates Card),dubai,3,f2pms7,https://www.reddit.com/r/dubai/comments/f2pms7/any_way_to_waive_signup_fees_for_a_premium_credit/,17,2020-02-12
Where to buy Raspberry Pi in Dubai?,dubai,4,f2ph3o,https://www.reddit.com/r/dubai/comments/f2ph3o/where_to_buy_raspberry_pi_in_dubai/,5,2020-02-12
Caesars Palace Dubai + Resort Review,dubai,1,f2pgnf,https://www.youtube.com/watch?v=PPJLeUfpf44,0,2020-02-12
